/*******************************************************************/
/*                CRIACAO DA TABELA CARGO                          */
/*******************************************************************/

DROP DATABASE IF EXISTS PRINCIPAL;

CREATE DATABASE PRINCIPAL;

USE PRINCIPAL;

DROP TABLE IF EXISTS CARGOS;

CREATE TABLE CARGOS
( CODIGO_CARGO  INT(5) PRIMARY KEY             ,
  DESCRICAO     VARCHAR(30) NOT NULL           ,
  TIPO_CARGO    ENUM('D','T','A','E','X'),
  SALARIO_MIN   DOUBLE(18,2) DEFAULT 120,
  SALARIO_MAX   DOUBLE(18,2)) ;

INSERT INTO CARGOS VALUES (101,'PRESIDENTE'          ,'D',120,NULL);
INSERT INTO CARGOS VALUES (102,'DIRETOR '   ,'D',120,NULL);
INSERT INTO CARGOS VALUES (103,'DIRETOR TECNICO'     ,'D',120,NULL);
INSERT INTO CARGOS VALUES (104,'SECRETARIA EXECUTIVA','D',120,NULL);
INSERT INTO CARGOS VALUES (105,'COORDENADOR'  ,'T',120,NULL);
INSERT INTO CARGOS VALUES (106,'PROFESSOR 1'           ,'T',120,NULL);
INSERT INTO CARGOS VALUES (107,'ASSISTENTE DIRETORIA','D',120,NULL);
INSERT INTO CARGOS VALUES (108,'ESTAGIARIO'          ,'X',120,NULL);
INSERT INTO CARGOS VALUES (109,'PROFESSOR 2'            ,'D',120,NULL);
INSERT INTO CARGOS VALUES (110,'PROFESSOR 3'             ,'A',120,NULL);
INSERT INTO CARGOS VALUES (111,'SECRETARIA'          ,'A',120,NULL);
INSERT INTO CARGOS VALUES (112,'SEGURANCA'           ,'E',120,NULL);
INSERT INTO CARGOS VALUES (113,'RECEPCIONISTA'       ,'E',120,NULL);
INSERT INTO CARGOS VALUES (114,'MOTORISTA'           ,'X',120,NULL);
INSERT INTO CARGOS VALUES (115,'MENSAGEIRO'          ,'A',120,NULL);


/*******************************************************************/
/*                CRIACAO DA TABELA DEPATAMENTOS                   */
/*******************************************************************/


DROP TABLE IF EXISTS DEPARTAMENTOS;

CREATE TABLE DEPARTAMENTOS
( CODIGO_DEPARTAMENTO  int(5) primary key,
 DESCRICAO     VARCHAR(30)); 
             
INSERT INTO DEPARTAMENTOS VALUES (1,'DIRETORIA');
INSERT INTO DEPARTAMENTOS VALUES (2,'SECRETARIA');
INSERT INTO DEPARTAMENTOS VALUES (3,'DESENVOLVIMENTO');
INSERT INTO DEPARTAMENTOS VALUES (4,'RECURSOS HUMANOS');


/*******************************************************************/
/*                CRIACAO DA TABELA FUNCIONARIO                    */
/*******************************************************************/

DROP TABLE IF EXISTS FUNCIONARIOS;

CREATE TABLE FUNCIONARIOS (CODIGO_FUNCIONARIO  INT(6)  PRIMARY KEY,
                           NOME                 VARCHAR(50) NOT NULL,
                           CODIGO_CARGO         INT(5)    ,
                           CODIGO_DEPARTAMENTO  INT(5)    ,
                           ENDERECO             VARCHAR(50) ,
                           BAIRRO               VARCHAR(20) ,
                           CIDADE               VARCHAR(20) ,
                           CODIGO_CHEFE         INT(6)    ,
                           ESTADO               ENUM('AM','AP','PA','AC','RO','RR',
                              			'PI','CE','MA','RN','PE','PB',
                              			'BA','SE','AL','MT','MS','GO',
                              			'TO','DF','RS','SC','PR','RJ',
                              			'SP','MG','ES'),
                           DATA_NASC            DATE,
                           SEXO                 ENUM('M','F'),
                           SALARIO              DOUBLE(18,2),
                           SENHA                VARCHAR(6));

ALTER TABLE FUNCIONARIOS ADD CONSTRAINT FK_FUNC_CARGO
            FOREIGN KEY (CODIGO_CARGO) REFERENCES CARGOS(CODIGO_CARGO);

ALTER TABLE FUNCIONARIOS ADD CONSTRAINT FK_FUNC_DEPARTAMENTO
            FOREIGN KEY (CODIGO_DEPARTAMENTO) REFERENCES DEPARTAMENTOS(CODIGO_DEPARTAMENTO);

INSERT INTO FUNCIONARIOS VALUES (11,'AUGUSTA ROCHA'          ,104,1,'RUA FACANHA, 2 / 801'       ,'PEDREIRA'     ,'SANTO ANDRE' ,10   ,'SP','1970-12-30','F',2500,NULL);
INSERT INTO FUNCIONARIOS VALUES (12,'CARLOS AUGUSTO DISRAELI',103,1,'AV. DAS ACACIAS, 302'       ,'PIEDADE'      ,'SAO PAULO'   ,10   ,'SP','1955-02-03','M',20000,NULL);
INSERT INTO FUNCIONARIOS VALUES (13,'MARCIA MARIA COSTA'     ,104,1,'TRAVESSA DAS FLORES, 2'     ,'BENFICA'      ,'SAO PAULO'   ,12   ,'SP','1948-01-03','F',2500,NULL);
INSERT INTO FUNCIONARIOS VALUES (14,'ARNALDO NOVELLI'        ,103,1,'RUA AMBROSIA, 28'           ,'TRIANON'      ,'SAO PAULO'   ,10   ,'SP','2000-11-03','M',20000,NULL);
INSERT INTO FUNCIONARIOS VALUES (15,'ANDREA LEMOS'           ,104,1,'RUA BARRETO, 14'            ,'BENFICA'      ,'SAO PAULO'   ,14   ,'SP','1955-11-03','F',2500,NULL);
INSERT INTO FUNCIONARIOS VALUES (16,'GERALDO SANTOS'         ,105,1,'RUA ITAPOAN, 32 / 101'      ,'ROCHA'        ,'DIADEMA'     ,14   ,'SP','1975-10-03','M',5000,NULL);
INSERT INTO FUNCIONARIOS VALUES (17,'NADIA PIERCING'         ,111,2,'RUA FRANCA, 1284'           ,'LALONGE'      ,'SAO PAULO'   ,16   ,'SP','1987-09-03','F',750,NULL);
INSERT INTO FUNCIONARIOS VALUES (18,'CIBELE MARIA DO COUTO'  ,106,2,'PRACA HANDEL, 35'           ,'VIAJANTES'    ,'SAO JOSE'    ,16   ,'SP','1980-08-03','F',4000,NULL);
INSERT INTO FUNCIONARIOS VALUES (19,'MARCO ANTONIO C. BRANCO',106,2,'RUA BELA CINTRA, 32 / 1001' ,'JARDINS'      ,'SAO PAULO'   ,16   ,'SP','1978-06-03','M',4000,NULL);
INSERT INTO FUNCIONARIOS VALUES (20,'PEDRO RIBEIRO'          ,106,2,'RUA SALVADOR, 14'           ,'RIO COMPRIDO' ,'SAO PAULO'   ,16   ,'SP','1990-10-03','M',4000,NULL);
INSERT INTO FUNCIONARIOS VALUES (21,'LUIZ CARLOS PINHEIRO'   ,106,2,'AV. JUAN MARTIN, 1110'      ,'CENTRO'       ,'OSASCO'      ,16   ,'SP','1977-11-03','M',4000,NULL);
INSERT INTO FUNCIONARIOS VALUES (22,'JOSE MANUEL RIBEIRO'    ,108,2,'AV. BRASIL, 1500'           ,'CASTELO'      ,'SAO PAULO'   ,16   ,'SP','1975-12-03','M',200,NULL);
INSERT INTO FUNCIONARIOS VALUES (23,'MARCOS CRUZ'            ,102,2,'RUA AMBROSIA, 14'           ,'TRIANON'      ,'SAO PAULO'   ,10   ,'SP','1990-10-03','M',20000,NULL);
INSERT INTO FUNCIONARIOS VALUES (24,'MARCELA MONTES'         ,107,2,'RUA PERICUMA, 12 / 102'     ,'MARAVILHA'    ,'SAO PAULO'   ,23   ,'SP','1987-01-03','F',4500,NULL);
INSERT INTO FUNCIONARIOS VALUES (25,'MARISA AMARAL'          ,107,2,'RUA CARDOSO, 8'             ,'LALONGE'      ,'SAO PAULO'   ,23   ,'SP','1988-03-03','F',4500,NULL);
INSERT INTO FUNCIONARIOS VALUES (26,'PAULO SANTOS'           ,107,3,'AV. ANTONIO CARLOS, 112'    ,'PANTANAL'     ,'OSASCO'      ,23   ,'SP','1989-04-03','M',4500,NULL);
INSERT INTO FUNCIONARIOS VALUES (27,'INES PAULINA MARIAL'    ,104,3,'RUA A, 30'                  ,'MORADA DO SOL','SAO PAULO'   ,23   ,'SP','1967-05-03','F',2500,NULL);
INSERT INTO FUNCIONARIOS VALUES (28,'EDUARDO SILVA SOUZA'    ,109,3,'LADEIRA ALTA, 122'          ,'TRIANON'      ,'SAO PAULO'   ,23   ,'SP','1969-06-03','M',7500,NULL);
INSERT INTO FUNCIONARIOS VALUES (29,'MAGNOLIA MARIZ E BARROS',109,3,'RUA 13 DE ABRIL, 2 / 1001'  ,'BELA VISTA'   ,'SAO PAULO'   ,23   ,'SP','1959-06-03','F',7500,NULL);
INSERT INTO FUNCIONARIOS VALUES (30,'TITO LEMOS'             ,109,3,'RUA ANTONIO HENRIQUE, 23'   ,'MOOCA'        ,'SAO PAULO'   ,12   ,'SP','1990-09-03','M',7500,NULL);
INSERT INTO FUNCIONARIOS VALUES (31,'GERTRUDE STEINBERG'     ,110,3,'RUA ARAGUAIA, 108'          ,'LIBERDADE'    ,'SAO PAULO'   ,27   ,'SP','1999-02-03','F',500,NULL);
INSERT INTO FUNCIONARIOS VALUES (32,'ROBERTO EMIL WILLY'     ,115,3,'RUA NORONHA, 13'            ,'TRIANON'      ,'SAO PAULO'   ,27   ,'SP','1978-11-03','M',120,NULL);
INSERT INTO FUNCIONARIOS VALUES (33,'FERNANDO BORGES RIBEIRO',115,3,'RUA TELES FONSECA, 122'     ,'SAO CRISTIANO','SANTO ANDRE' ,27   ,'SP','1977-02-03','M',120,NULL);
INSERT INTO FUNCIONARIOS VALUES (34,'ADELAIDE DOUTEL LINK'   ,111,3,'RUA DOS ABACATEIROS, 1'     ,'MORUMBI'      ,'SAO PAULO'   ,26   ,'SP','1979-12-03','F',750,NULL);
INSERT INTO FUNCIONARIOS VALUES (35,'ALBERTO MATTOS'         ,114,3,'AV. HIGHWAY, 322 / 301'     ,'CONGONHAS'    ,'SAO PAULO'   ,27   ,'SP','1990-12-03','M',500,NULL);
INSERT INTO FUNCIONARIOS VALUES (36,'REGINA TEIXEIRA'        ,113,3,'RUA NINA, 16'               ,'PORTUGUESA'   ,'DIADEMA'     ,26   ,'SP','1991-10-03','F',500,NULL);
INSERT INTO FUNCIONARIOS VALUES (37,'DIVA PEREIRA CARNEIRO'  ,113,4,'PRACA FLORENTINA, 13'       ,'LALONGE'      ,'OSASCO'      ,26   ,'SP','1967-02-03','F',500,NULL);
INSERT INTO FUNCIONARIOS VALUES (38,'AFFONSO ROMERO'         ,112,4,'RUA 14 DE ABRIL, 202'       ,'SANTA AMELIA' ,'SAO PAULO'   ,26   ,'SP','1967-11-03','M',500,NULL);
INSERT INTO FUNCIONARIOS VALUES (39,'MARCOS ALENCAR'         ,112,4,'AV. HIGHWAY, 322 / 102'     ,'CONGONHAS'    ,'SAO PAULO'   ,26   ,'SP','1968-02-03','M',500,NULL);


/*******************************************************************/
/*                CRIACAO DA TABELA ALUNO                          */
/*******************************************************************/


DROP TABLE IF EXISTS ALUNOS;

CREATE TABLE ALUNOS ( CODIGO_ALUNO  INT(6)  PRIMARY KEY  ,
                     NOME          VARCHAR(50) NOT NULL,
                     ENDERECO      VARCHAR(50) ,
                     BAIRRO        VARCHAR(20) ,
                     CIDADE        VARCHAR(20) ,
                     ESTADO        ENUM('AM','AP','PA','AC','RO','RR',
                              		'PI','CE','MA','RN','PE','PB',
                              		'BA','SE','AL','MT','MS','GO',
                              		'TO','DF','RS','SC','PR','RJ',
                              		'SP','MG','ES'),
                     SEXO          ENUM('M','F')) ;


INSERT INTO ALUNOS VALUES (1001,'JOSE MARIA ALENCAR'  ,'RUA PEDROSA, 32'           ,'MORUMBI'    ,'SAO PAULO'  ,'SP','M');
INSERT INTO ALUNOS VALUES (1002,'JOSE DA SILVA XAVIER','RUA SARANDI, 39'           ,'ROCHA'      ,'SANTO ANDRE','SP','M');
INSERT INTO ALUNOS VALUES (1003,'PEDRO PEDREIRO'      ,'RUA PEROLA, 12 / 102'      ,'OSTRAS'     ,'DIADEMA'    ,'SP','M');
INSERT INTO ALUNOS VALUES (1004,'MARIA JOSE COSTA'    ,'RUA TICO TICO, 900'        ,'PASSARINHOS','OSASCO'     ,'SP','F');
INSERT INTO ALUNOS VALUES (1005,'MARIANNA CARDOSO'    ,'AV. GLORIA, 1012 / 504'    ,'PARTENON'   ,'SAO PAULO'  ,'SP','F');
INSERT INTO ALUNOS VALUES (1006,'AFONSO MENENDEZ'     ,'RUA VISEU, 122'            ,'ROCHA'      ,'SANTO ANDRE','SP','M');
INSERT INTO ALUNOS VALUES (1007,'MIRIAN CORDOBEZ'     ,'RUA JAGUARAI, 50'          ,'ROCHA'      ,'SANTO ANDRE','SP','F');
INSERT INTO ALUNOS VALUES (1008,'ANTONIO F. DA ROCHA' ,'RUA ANTONELA, 125'         ,'BEXIGA'     ,'SAO PAULO'  ,'SP','M');
INSERT INTO ALUNOS VALUES (1009,'JULIO STEINBACK'     ,'TRAV. PERIGOSA, 11'        ,'BEXIGA'     ,'SAO PAULO'  ,'SP','M');
INSERT INTO ALUNOS VALUES (1010,'LIDIA DE OLIVEIRA'   ,'RUA LARGA, 27'             ,'CENTRO'     ,'DIADEMA'    ,'SP','F');
INSERT INTO ALUNOS VALUES (1011,'MARIA JOSE BOTELHO'  ,'RUA DAS SOMBRAS, 90 / 702' ,'CENTRO'     ,'OSASCO'     ,'SP','F');
INSERT INTO ALUNOS VALUES (1012,'SANDRA BARBOSA'      ,'RUA ANA NERI, 17'          ,'ROCHA'      ,'SANTO ANDRE','SP','F');
INSERT INTO ALUNOS VALUES (1013,'VANESSA FALCAO'      ,'AV. LEOCADIA, 29 / 203'    ,'FLORIDO'    ,'SANTO ANDRE','SP','F');
INSERT INTO ALUNOS VALUES (1014,'EVANDRO J. FERREIRA' ,'RUA ARDOSIA, 95'           ,'SAO VICENTE','SAO PAULO'  ,'SP','M');
INSERT INTO ALUNOS VALUES (1015,'VINICIUS PERTINI'    ,'RUA ARGELIA, 66 / 601'     ,'NACOES'     ,'DIADEMA'    ,'SP','M');
INSERT INTO ALUNOS VALUES (1016,'LINDOMAR FEITOSA'    ,'RUA DR. VIRGULINO, 302'    ,'JAGUARAI'   ,'SAO PAULO'  ,'SP','M');
INSERT INTO ALUNOS VALUES (1017,'CARLOS CABRAL'       ,'RUA SAO JOSE, 53'          ,'PARTENON'   ,'SAO PAULO'  ,'SP','M');
INSERT INTO ALUNOS VALUES (1018,'PEDRO JOSE SOTTO'    ,'AV. ARGELIA, 234 / 903'    ,'NACOES'     ,'SANTO ANDRE','SP','M');
INSERT INTO ALUNOS VALUES (1019,'NICETTE MARIA SILVA' ,'AV. ARGELIA, 15'           ,'NACOES'     ,'SANTO ANDRE','SP','F');
INSERT INTO ALUNOS VALUES (1020,'LEOCADIA MARIA SOUZA','RUA JEAN PIERRE, 42'       ,'JAGUARAI'   ,'SAO PAULO'  ,'SP','F');
INSERT INTO ALUNOS VALUES (1021,'PEDRO JOSE ARANTES'  ,'RUA PITAGORAS, 345'        ,'LIBERDADE'  ,'SAO PAULO'  ,'SP','M');
INSERT INTO ALUNOS VALUES (1022,'CARLOTA RIBEIRO'     ,'RUA MONA LISA, 92 / 701'   ,'MOOCA'      ,'SAO PAULO'  ,'SP','F');
INSERT INTO ALUNOS VALUES (1023,'IVAN PEREIRA'        ,'AV. LEONARDO DA VINCI, 707','MOOCA'      ,'SAO PAULO'  ,'SP','M');
INSERT INTO ALUNOS VALUES (1024,'ADOLFO VERISSIMO'    ,'TRAV. PAULO VI, 56'        ,'BEXIGA'     ,'SAO PAULO'  ,'SP','M');
INSERT INTO ALUNOS VALUES (1025,'ALCEMAR MARTINS'     ,'RUA PEDROSA, 107'          ,'MORUMBI'    ,'SAO PAULO'  ,'SP','M');
INSERT INTO ALUNOS VALUES (1026,'JOSE CIRILO PEDROSA' ,'RUA GOLDSTEIN, 23 / 103'   ,'CENTRO'     ,'OSASCO'     ,'SP','M');
INSERT INTO ALUNOS VALUES (1027,'ANIBAL MONTES'       ,'AV. PEDRO ALVAREZ, 1020'   ,'CONGONHAS'  ,'SAO PAULO'  ,'SP','M');
INSERT INTO ALUNOS VALUES (1028,'IRACEMA MARTINELI'   ,'RUA LIVRADIO, 2'           ,'PLANEJADO'  ,'DIADEMA'    ,'SP','F');
INSERT INTO ALUNOS VALUES (1029,'PEDRO GONZALES'      ,'RUA YPIOCA, 55 / 202'      ,'TATUAPE'    ,'SAO PAULO'  ,'SP','M');
INSERT INTO ALUNOS VALUES (1030,'MARIO SARANDI'       ,'RUA SAO LUIZ, 13'          ,'ANA ROSA'   ,'SAO PAULO'  ,'SP','M');


/*******************************************************************/
/*                CRIACAO DA TABELA CURSOS                          */
/*******************************************************************/


DROP TABLE IF EXISTS CURSOS;

CREATE TABLE CURSOS ( CODIGO_CURSO         INT(3)  PRIMARY KEY,
                     DESCRICAO            VARCHAR(30) NOT NULL,
                     CATEGORIA            VARCHAR(10));

INSERT INTO CURSOS VALUES (50,'SQL BASICO'            ,'BD');
INSERT INTO CURSOS VALUES (51,'SQL AVANCADO'          ,'BD');
INSERT INTO CURSOS VALUES (52,'ADMINISTRACAO DE BANCO','BD');
INSERT INTO CURSOS VALUES (53,'OTIMIZACAO DE BANCO'   ,'BD');
INSERT INTO CURSOS VALUES (54,'PROCESSADOR DE TEXTO'  ,'WIN');
INSERT INTO CURSOS VALUES (55,'PLANILHA ELETRONICA'   ,'WIN');
INSERT INTO CURSOS VALUES (56,'HTML BASICO'           ,'WEB');
INSERT INTO CURSOS VALUES (57,'HTML AVANCADO'         ,'WEB');
INSERT INTO CURSOS VALUES (58,'TCP/IP'                ,'REDE');
INSERT INTO CURSOS VALUES (59,'IPX/SPX'               ,'REDE');


/*******************************************************************/
/*                CRIACAO DA TABELA TURMAS                          */
/*******************************************************************/


DROP TABLE IF EXISTS TURMAS;

CREATE TABLE TURMAS ( CODIGO_TURMA       INT(6) PRIMARY KEY ,
                     CODIGO_CURSO       INT(3) ,
                     CODIGO_FUNCIONARIO INT(6) ,
                     DATA_INICIO        DATE      ,
                     DATA_FIM           DATE      ,
                     SALA               ENUM('1', '2', '3', '4', '5', '6', '7', '8')) ;

ALTER TABLE TURMAS ADD CONSTRAINT FK_TURMA_CURSO
      FOREIGN KEY (CODIGO_CURSO) REFERENCES CURSOS (CODIGO_CURSO);
ALTER TABLE TURMAS ADD CONSTRAINT FK_TURMA_FUNC
      FOREIGN KEY (CODIGO_FUNCIONARIO) REFERENCES FUNCIONARIOS (CODIGO_FUNCIONARIO);

INSERT INTO TURMAS VALUES (301,50,19,12/12/2012,01/01/2014,1);
INSERT INTO TURMAS VALUES (302,51,13,10/20/2011,01/01/2014,2);
INSERT INTO TURMAS VALUES (303,52,18,10/20/2011,01/01/2014,3);
INSERT INTO TURMAS VALUES (304,53,19,10/20/2011,01/01/2014,4);
INSERT INTO TURMAS VALUES (305,54,20,10/20/2011,01/01/2014,5);
INSERT INTO TURMAS VALUES (306,55,19,10/20/2011,01/01/2014,6);
INSERT INTO TURMAS VALUES (307,56,19,10/20/2011,01/01/2014,6);
INSERT INTO TURMAS VALUES (308,57,21,10/20/2011,01/01/2014,2);
INSERT INTO TURMAS VALUES (309,57,19,10/20/2011,01/01/2014,1);
INSERT INTO TURMAS VALUES (310,56,13,10/20/2011,01/01/2014,3);


/*******************************************************************/
/*                CRIACAO DA TABELA ALUNOS_NAS_TURMAS              */
/*******************************************************************/

DROP TABLE IF EXISTS ALUNOS_NAS_TURMAS;

CREATE TABLE ALUNOS_NAS_TURMAS ( CODIGO_TURMA INT(6)  ,
                              CODIGO_ALUNO INT(6)  ,
                              NUMERO_INSC  INT(12) ,
			      PRIMARY KEY(CODIGO_TURMA, CODIGO_ALUNO)) ;

ALTER TABLE ALUNOS_NAS_TURMAS ADD CONSTRAINT FK_ALNT_TURMA
            FOREIGN KEY (CODIGO_TURMA) REFERENCES TURMAS (CODIGO_TURMA);
ALTER TABLE ALUNOS_NAS_TURMAS ADD CONSTRAINT FK_ALNT_ALUNO
            FOREIGN KEY (CODIGO_ALUNO) REFERENCES ALUNOS (CODIGO_ALUNO);

INSERT INTO ALUNOS_NAS_TURMAS VALUES (301,1001,119000110);
INSERT INTO ALUNOS_NAS_TURMAS VALUES (301,1002,129000120);
INSERT INTO ALUNOS_NAS_TURMAS VALUES (301,1003,193000130);
INSERT INTO ALUNOS_NAS_TURMAS VALUES (301,1004,190400140);
INSERT INTO ALUNOS_NAS_TURMAS VALUES (301,1005,190050150);
INSERT INTO ALUNOS_NAS_TURMAS VALUES (302,1001,190006160);
INSERT INTO ALUNOS_NAS_TURMAS VALUES (302,1006,190001770);
INSERT INTO ALUNOS_NAS_TURMAS VALUES (302,1007,190001880);
INSERT INTO ALUNOS_NAS_TURMAS VALUES (302,1008,190001909);
INSERT INTO ALUNOS_NAS_TURMAS VALUES (302,1009,119000101);
INSERT INTO ALUNOS_NAS_TURMAS VALUES (303,1001,192000112);
INSERT INTO ALUNOS_NAS_TURMAS VALUES (303,1002,190300123);
INSERT INTO ALUNOS_NAS_TURMAS VALUES (303,1003,190040134);
INSERT INTO ALUNOS_NAS_TURMAS VALUES (303,1004,190005145);
INSERT INTO ALUNOS_NAS_TURMAS VALUES (303,1005,190001656);
INSERT INTO ALUNOS_NAS_TURMAS VALUES (304,1001,190001667);
INSERT INTO ALUNOS_NAS_TURMAS VALUES (304,1010,190001787);
INSERT INTO ALUNOS_NAS_TURMAS VALUES (304,1011,119000189);
INSERT INTO ALUNOS_NAS_TURMAS VALUES (304,1021,192000190);
INSERT INTO ALUNOS_NAS_TURMAS VALUES (304,1030,190300102);
INSERT INTO ALUNOS_NAS_TURMAS VALUES (305,1001,190040113);
INSERT INTO ALUNOS_NAS_TURMAS VALUES (305,1012,190005124);
INSERT INTO ALUNOS_NAS_TURMAS VALUES (305,1013,190001635);
INSERT INTO ALUNOS_NAS_TURMAS VALUES (305,1014,190001476);
INSERT INTO ALUNOS_NAS_TURMAS VALUES (305,1015,190001577);
INSERT INTO ALUNOS_NAS_TURMAS VALUES (306,1001,119000168);
INSERT INTO ALUNOS_NAS_TURMAS VALUES (306,1016,192000179);
INSERT INTO ALUNOS_NAS_TURMAS VALUES (306,1017,190300180);
INSERT INTO ALUNOS_NAS_TURMAS VALUES (306,1018,190040193);
INSERT INTO ALUNOS_NAS_TURMAS VALUES (306,1019,190005104);
INSERT INTO ALUNOS_NAS_TURMAS VALUES (307,1020,190001615);
INSERT INTO ALUNOS_NAS_TURMAS VALUES (307,1001,190001267);
INSERT INTO ALUNOS_NAS_TURMAS VALUES (307,1021,139000137);
INSERT INTO ALUNOS_NAS_TURMAS VALUES (307,1022,194000148);
INSERT INTO ALUNOS_NAS_TURMAS VALUES (307,1023,190500159);
INSERT INTO ALUNOS_NAS_TURMAS VALUES (308,1025,190060160);
INSERT INTO ALUNOS_NAS_TURMAS VALUES (308,1026,190007174);
INSERT INTO ALUNOS_NAS_TURMAS VALUES (308,1001,190001885);
INSERT INTO ALUNOS_NAS_TURMAS VALUES (308,1027,190001989);
INSERT INTO ALUNOS_NAS_TURMAS VALUES (309,1028,149000107);
INSERT INTO ALUNOS_NAS_TURMAS VALUES (309,1001,195000118);
INSERT INTO ALUNOS_NAS_TURMAS VALUES (309,1029,190600129);
INSERT INTO ALUNOS_NAS_TURMAS VALUES (309,1030,190070130);
INSERT INTO ALUNOS_NAS_TURMAS VALUES (309,1002,190008145);
INSERT INTO ALUNOS_NAS_TURMAS VALUES (309,1004,190001956);
INSERT INTO ALUNOS_NAS_TURMAS VALUES (309,1005,190001607);
INSERT INTO ALUNOS_NAS_TURMAS VALUES (310,1006,190001783);
INSERT INTO ALUNOS_NAS_TURMAS VALUES (310,1007,190001890);
INSERT INTO ALUNOS_NAS_TURMAS VALUES (310,1001,190001913);
INSERT INTO ALUNOS_NAS_TURMAS VALUES (310,1008,159000102);

/*******************************************************************/
/* Atualiza\E7\E3o das faixas salariais na tabela CARGO		   */
/*******************************************************************/

UPDATE CARGOS
SET    SALARIO_MIN = (SELECT MAX(0.80 * SALARIO)
                      FROM   FUNCIONARIOS
                      WHERE  FUNCIONARIOS.CODIGO_CARGO =
                             CARGOS.CODIGO_CARGO),
       SALARIO_MAX = (SELECT MAX(1.25 * SALARIO)
                      FROM   FUNCIONARIOS
                      WHERE  FUNCIONARIOS.CODIGO_CARGO =
                             CARGOS.CODIGO_CARGO);

